Type,subType,stock_number,flavType,item_name,description,rmcPerLitre,bottleSize,rmcPerBottle,addRaw,costBottle
Product,CBD,CP51025M06,Fruit,Apple - 1000mg,CBD with fresh and crisp green apple with sweet-tart undertones,£26.46,60,1.587820434,£0.40,£1.98
Product,CBD,CP51025M26,Fruit,Apple - 2000mg,CBD with fresh and crisp green apple with sweet-tart undertones,£48.55,60,2.912767434,£0.40,£3.31
Product,CBD,CP51025D06,Fruit,Apple - 500mg,CBD with fresh and crisp green apple with sweet-tart undertones,£15.42,60,0.925267434,£0.40,£1.32
Product,CBD,CP51385M06,Ice,Blue Dreams - 1000mg,CBD with a strong hit of dark berry and candy berry fruits with a blast of cold menthol and aniseed.,£29.80,60,1.787980095,£0.40,£2.18
Product,CBD,CP51385M26,Ice,Blue Dreams - 2000mg,CBD with a strong hit of dark berry and candy berry fruits with a blast of cold menthol and aniseed.,£51.88,60,3.112927095,£0.40,£3.51
Product,CBD,CP51385D06,Ice,Blue Dreams - 500mg,CBD with a strong hit of dark berry and candy berry fruits with a blast of cold menthol and aniseed.,£18.76,60,1.125427095,£0.40,£1.52
Product,CBD,CP51060M06,Fruit,Forest Fruits - 1000mg,CBD with sweet and tangy berries with the fresh bite of green apples.,£25.94,60,1.55643027,£0.40,£1.95
Product,CBD,CP51060M26,Fruit,Forest Fruits - 2000mg,CBD with sweet and tangy berries with the fresh bite of green apples.,£48.02,60,2.88137727,£0.40,£3.28
Product,CBD,CP51060D06,Fruit,Forest Fruits - 500mg,CBD with sweet and tangy berries with the fresh bite of green apples.,£14.90,60,0.89387727,£0.40,£1.29
Product,CBD,CP51373M06,Fruit,Grandaddy Purple - 1000mg,CBD with sweet and juicy black grape with a touch of fizz,£24.54,60,1.47259236,£0.40,£1.87
Product,CBD,CP51373M26,Fruit,Grandaddy Purple - 2000mg,CBD with sweet and juicy black grape with a touch of fizz,£46.63,60,2.79753936,£0.40,£3.19
Product,CBD,CP51373D06,Fruit,Grandaddy Purple - 500mg,CBD with sweet and juicy black grape with a touch of fizz,£13.50,60,0.81003936,£0.40,£1.21
Product,CBD,CP51384M06,Dessert,Lemon Haze - 1000mg,CBD with tangy lemon curd with a flaky biscuit crust finished with a rich vanilla cream,£29.51,60,1.770623243,£0.40,£2.17
Product,CBD,CP51384M26,Dessert,Lemon Haze - 2000mg,CBD with tangy lemon curd with a flaky biscuit crust finished with a rich vanilla cream,£51.59,60,3.095570243,£0.40,£3.49
Product,CBD,CP51384D06,Dessert,Lemon Haze - 500mg,CBD with tangy lemon curd with a flaky biscuit crust finished with a rich vanilla cream,£18.47,60,1.108070243,£0.40,£1.50
Product,CBD,CP51383M06,Fruit,Mango Kush - 1000mg,CBD with ripe and super juicy mango with a smooth tropical finish.,£37.22,60,2.23346988,£0.40,£2.63
Product,CBD,CP51383M26,Fruit,Mango Kush - 2000mg,CBD with ripe and super juicy mango with a smooth tropical finish.,£59.31,60,3.55841688,£0.40,£3.95
Product,CBD,CP51383D06,Fruit,Mango Kush - 500mg,CBD with ripe and super juicy mango with a smooth tropical finish.,£26.18,60,1.57091688,£0.40,£1.97
Product,CBD,CP51059M06,Mint,Menthol - 1000mg,"CBD with clean, simple and cold no fuss menthol.",£24.69,60,1.481301255,£0.40,£1.88
Product,CBD,CP51059M26,Mint,Menthol - 2000mg,"CBD with clean, simple and cold no fuss menthol.",£46.77,60,2.806248255,£0.40,£3.20
Product,CBD,CP51059D06,Mint,Menthol - 500mg,"CBD with clean, simple and cold no fuss menthol.",£13.65,60,0.818748255,£0.40,£1.21
Product,CBD,CP51372M06,Fruit,Raspberry Moonshine - 1000mg,"CBD with Sweet, tangy and ripe raspberry, with a fruity sweet exhale",£24.51,60,1.47078276,£0.40,£1.87
Product,CBD,CP51372M26,Fruit,Raspberry Moonshine - 2000mg,"CBD with Sweet, tangy and ripe raspberry, with a fruity sweet exhale",£46.60,60,2.79572976,£0.40,£3.19
Product,CBD,CP51372D06,Fruit,Raspberry Moonshine - 500mg,"CBD with Sweet, tangy and ripe raspberry, with a fruity sweet exhale",£13.47,60,0.80822976,£0.40,£1.20
Product,CBD,CP51382M06,Ice,Red Dragon - 1000mg,"CBD with sweet red berry fruits, mixed with a stunning eucalyptus menthol and a touch of aniseed.",£29.95,60,1.797151238,£0.40,£2.19
Product,CBD,CP51382M26,Ice,Red Dragon - 2000mg,"CBD with sweet red berry fruits, mixed with a stunning eucalyptus menthol and a touch of aniseed.",£52.03,60,3.122098238,£0.40,£3.52
Product,CBD,CP51382D06,Ice,Red Dragon - 500mg,"CBD with sweet red berry fruits, mixed with a stunning eucalyptus menthol and a touch of aniseed.",£18.91,60,1.134598238,£0.40,£1.53
Product,CBD,CP50000M06,None,Unflavoured - 1000mg,Unflavoured,£24.41,60,1.46451,£0.40,£1.86
Product,CBD,CP50000M26,None,Unflavoured - 2000mg,Unflavoured,£46.49,60,2.789457,£0.40,£3.19
Product,CBD,CP50000D06,None,Unflavoured - 500mg,Unflavoured,£13.37,10,0.1336595,£0.17,£0.30
Product,Free Base,P1000000,None,100% PG Nicotine Free Shot - PG - 0mg,Unflavoured,£3.09,10,0.0308945,£0.17,£0.20
Product,Free Base,P1000018,None,100% PG Nicotine Shot - PG - 18mg,Unflavoured,£5.52,10,0.05519504,£0.17,£0.22
Product,Free Base,P1000009,None,100% PG Nicotine Shot - PG - 9mg,Unflavoured,£4.30,10,0.04304477,£0.17,£0.21
Product,Free Base,V1000000,None,100% VG Nicotine Free Shot - VG - 0mg,Unflavoured,£1.56,10,0.0156,£0.17,£0.18
Product,Free Base,V1000015,None,100% VG Nicotine Shot - VG - 15mg,Unflavoured,£3.59,10,0.03585045,£0.17,£0.20
Product,Free Base,V1000018,None,100% VG Nicotine Shot - VG - 18mg,Unflavoured,£3.99,10,0.03990054,£0.17,£0.21
Product,Free Base,V1000020,None,100% VG Nicotine Shot - VG - 20mg,Unflavoured,£4.26,10,0.0426006,£0.17,£0.21
Product,Free Base,V1000009,None,100% VG Nicotine Shot - VG - 9mg,Unflavoured,£2.78,10,0.02775027,£0.17,£0.19
Product,Free Base,P5000018,None,50/50 Nicotine Shot - PG - 18mg,Unflavoured,£4.75,10,0.04754779,£0.17,£0.21
Product,Free Base,P5000009,None,50/50 Nicotine Shot - PG - 9mg,Unflavoured,£3.54,10,0.03539752,£0.17,£0.20
Product,Free Base,V7072618,None,70% VG Nicotine Salt Shot - VG - 18mg,Unflavoured,£7.31,10,0.073105682,£0.17,£0.24
Product,Free Base,V7072620,None,70% VG Nicotine Salt Shot - VG - 20mg,Unflavoured,£7.83,10,0.07830563,£0.17,£0.24
Product,Free Base,V7000018,None,70% VG Nicotine Shot - VG - 18mg,Unflavoured,£5.06,10,0.05060669,£0.17,£0.22
Product,Free Base,V7067418,Ice,Absolute Zero Nicotine Shot - VG - 18mg,Unflavoured with Koolada,£7.87,10,0.07874454,£0.17,£0.25
Product,Free Base,P7204500,Fruit,Apple - 0mg,Fresh and crisp green apple with sweet-tart undertones,£7.76,10,0.077553515,£0.17,£0.24
Product,Free Base,P7204512,Fruit,Apple - 12mg,Fresh and crisp green apple with sweet-tart undertones,£9.38,10,0.093753875,£0.17,£0.26
Product,Free Base,P7204518,Fruit,Apple - 18mg,Fresh and crisp green apple with sweet-tart undertones,£10.19,10,0.101854055,£0.17,£0.27
Product,Free Base,P7204503,Fruit,Apple - 3mg,Fresh and crisp green apple with sweet-tart undertones,£8.16,10,0.081603605,£0.17,£0.25
Product,Free Base,P7204506,Fruit,Apple - 6mg,Fresh and crisp green apple with sweet-tart undertones,£8.57,10,0.085653695,£0.17,£0.25
Product,Free Base,P7056600,Dessert,Apple Pie & Custard - 0mg,"Warm and buttery apple pie with a hint of cinnamon, topped with a rich and decadent vanilla custard",£14.24,10,0.142358775,£0.17,£0.31
Product,Free Base,P7056612,Dessert,Apple Pie & Custard - 12mg,"Warm and buttery apple pie with a hint of cinnamon, topped with a rich and decadent vanilla custard",£15.86,10,0.158559135,£0.17,£0.32
Product,Free Base,P7056618,Dessert,Apple Pie & Custard - 18mg,"Warm and buttery apple pie with a hint of cinnamon, topped with a rich and decadent vanilla custard",£16.67,10,0.166659315,£0.17,£0.33
Product,Free Base,P7056603,Dessert,Apple Pie & Custard - 3mg,"Warm and buttery apple pie with a hint of cinnamon, topped with a rich and decadent vanilla custard",£14.64,10,0.146408865,£0.17,£0.31
Product,Free Base,P7056606,Dessert,Apple Pie & Custard - 6mg,"Warm and buttery apple pie with a hint of cinnamon, topped with a rich and decadent vanilla custard",£15.05,10,0.150458955,£0.17,£0.32
Product,Free Base,P7056900,Dessert,Apricot Yoghurt - 0mg,Tangy and creamy yoghurt paired with a sweet but tart apricot compote,£3.74,10,0.03737513,£0.17,£0.20
Product,Free Base,P7056912,Dessert,Apricot Yoghurt - 12mg,Tangy and creamy yoghurt paired with a sweet but tart apricot compote,£5.36,10,0.05357549,£0.17,£0.22
Product,Free Base,P7056918,Dessert,Apricot Yoghurt - 18mg,Tangy and creamy yoghurt paired with a sweet but tart apricot compote,£6.17,10,0.06167567,£0.17,£0.23
Product,Free Base,P7056903,Dessert,Apricot Yoghurt - 3mg,Tangy and creamy yoghurt paired with a sweet but tart apricot compote,£4.14,10,0.04142522,£0.17,£0.21
Product,Free Base,P7056906,Dessert,Apricot Yoghurt - 6mg,Tangy and creamy yoghurt paired with a sweet but tart apricot compote,£4.55,10,0.04547531,£0.17,£0.21
Product,Free Base,P7204300,Ice,Banana Ice - 0mg,A combination of sweet and ripe banana with a cooling icy hit,£5.33,10,0.05329922,£0.17,£0.22
Product,Free Base,P7204312,Ice,Banana Ice - 12mg,A combination of sweet and ripe banana with a cooling icy hit,£6.95,10,0.06949958,£0.17,£0.24
Product,Free Base,P7204318,Ice,Banana Ice - 18mg,A combination of sweet and ripe banana with a cooling icy hit,£7.76,10,0.07759976,£0.17,£0.24
Product,Free Base,P7204303,Ice,Banana Ice - 3mg,A combination of sweet and ripe banana with a cooling icy hit,£5.73,10,0.05734931,£0.17,£0.22
Product,Free Base,P7204306,Ice,Banana Ice - 6mg,A combination of sweet and ripe banana with a cooling icy hit,£6.14,10,0.0613994,£0.17,£0.23
Product,Free Base,P7047200,Fruit,Berry Mix - 0mg,"Sweet, sharp and tangy - A well-rounded berry mix.",£10.56,10,0.10558405,£0.17,£0.27
Product,Free Base,P7047212,Fruit,Berry Mix - 12mg,"Sweet, sharp and tangy - A well-rounded berry mix.",£12.18,10,0.12178441,£0.17,£0.29
Product,Free Base,P7047218,Fruit,Berry Mix - 18mg,"Sweet, sharp and tangy - A well-rounded berry mix.",£12.99,10,0.12988459,£0.17,£0.30
Product,Free Base,P7047203,Fruit,Berry Mix - 3mg,"Sweet, sharp and tangy - A well-rounded berry mix.",£10.96,10,0.10963414,£0.17,£0.28
Product,Free Base,P7047206,Fruit,Berry Mix - 6mg,"Sweet, sharp and tangy - A well-rounded berry mix.",£11.37,10,0.11368423,£0.17,£0.28
Product,Free Base,P7047400,Fruit,Black Cherry - 0mg,"Dark, rich and full of authentic black cherry flavour.",£9.41,10,0.09406514,£0.17,£0.26
Product,Free Base,P7047412,Fruit,Black Cherry - 12mg,"Dark, rich and full of authentic black cherry flavour.",£11.03,10,0.1102655,£0.17,£0.28
Product,Free Base,P7047418,Fruit,Black Cherry - 18mg,"Dark, rich and full of authentic black cherry flavour.",£11.84,10,0.11836568,£0.17,£0.28
Product,Free Base,P7047403,Fruit,Black Cherry - 3mg,"Dark, rich and full of authentic black cherry flavour.",£9.81,10,0.09811523,£0.17,£0.26
Product,Free Base,P7047406,Fruit,Black Cherry - 6mg,"Dark, rich and full of authentic black cherry flavour.",£10.22,10,0.10216532,£0.17,£0.27
Product,Free Base,P7047500,Fruit,Blueberry - 0mg,"Sweet, fruity, and refreshing blueberry flavour",£2.80,10,0.027982565,£0.17,£0.19
Product,Free Base,P7047512,Fruit,Blueberry - 12mg,"Sweet, fruity, and refreshing blueberry flavour",£4.42,10,0.044182925,£0.17,£0.21
Product,Free Base,P7047518,Fruit,Blueberry - 18mg,"Sweet, fruity, and refreshing blueberry flavour",£5.23,10,0.052283105,£0.17,£0.22
Product,Free Base,P7047503,Fruit,Blueberry - 3mg,"Sweet, fruity, and refreshing blueberry flavour",£3.20,10,0.032032655,£0.17,£0.20
Product,Free Base,P7047506,Fruit,Blueberry - 6mg,"Sweet, fruity, and refreshing blueberry flavour",£3.61,10,0.036082745,£0.17,£0.20
Product,Free Base,P7204100,Ice,Blueberry Ice - 0mg,"Sweet, fruity, and refreshing blueberry flavour with a menthol kool kick",£4.14,10,0.04139083,£0.17,£0.21
Product,Free Base,P7204112,Ice,Blueberry Ice - 12mg,"Sweet, fruity, and refreshing blueberry flavour with a menthol kool kick",£5.76,10,0.05759119,£0.17,£0.22
Product,Free Base,P7204118,Ice,Blueberry Ice - 18mg,"Sweet, fruity, and refreshing blueberry flavour with a menthol kool kick",£6.57,10,0.06569137,£0.17,£0.23
Product,Free Base,P7204103,Ice,Blueberry Ice - 3mg,"Sweet, fruity, and refreshing blueberry flavour with a menthol kool kick",£4.54,10,0.04544092,£0.17,£0.21
Product,Free Base,P7204106,Ice,Blueberry Ice - 6mg,"Sweet, fruity, and refreshing blueberry flavour with a menthol kool kick",£4.95,10,0.04949101,£0.17,£0.22
Product,Free Base,P7047800,Dessert,Blueberry Muffin - 0mg,Warm cakey flavour with hints of blueberry and cinnamon,£13.90,10,0.1389804,£0.17,£0.31
Product,Free Base,P7047812,Dessert,Blueberry Muffin - 12mg,Warm cakey flavour with hints of blueberry and cinnamon,£15.52,10,0.15518076,£0.17,£0.32
Product,Free Base,P7047818,Dessert,Blueberry Muffin - 18mg,Warm cakey flavour with hints of blueberry and cinnamon,£16.33,10,0.16328094,£0.17,£0.33
Product,Free Base,P7047803,Dessert,Blueberry Muffin - 3mg,Warm cakey flavour with hints of blueberry and cinnamon,£14.30,10,0.14303049,£0.17,£0.31
Product,Free Base,P7047806,Dessert,Blueberry Muffin - 6mg,Warm cakey flavour with hints of blueberry and cinnamon,£14.71,10,0.14708058,£0.17,£0.31
Product,Free Base,P7069000,Candy,Bubblegum - 0mg,"Fruity, bubbly and sweet. The classic sweet shop flavour you know and love!",£2.70,10,0.026981045,£0.17,£0.19
Product,Free Base,P7069012,Candy,Bubblegum - 12mg,"Fruity, bubbly and sweet. The classic sweet shop flavour you know and love!",£4.32,10,0.043181405,£0.17,£0.21
Product,Free Base,P7069018,Candy,Bubblegum - 18mg,"Fruity, bubbly and sweet. The classic sweet shop flavour you know and love!",£5.13,10,0.051281585,£0.17,£0.22
Product,Free Base,P7069003,Candy,Bubblegum - 3mg,"Fruity, bubbly and sweet. The classic sweet shop flavour you know and love!",£3.10,10,0.031031135,£0.17,£0.20
Product,Free Base,P7069006,Candy,Bubblegum - 6mg,"Fruity, bubbly and sweet. The classic sweet shop flavour you know and love!",£3.51,10,0.035081225,£0.17,£0.20
Product,Free Base,P7046800,Ice,Cherry Menthol - 0mg,Dark and sweet black cherry with a kool menthol hit,£8.62,10,0.086225685,£0.17,£0.25
Product,Free Base,P7046812,Ice,Cherry Menthol - 12mg,Dark and sweet black cherry with a kool menthol hit,£10.24,10,0.102426045,£0.17,£0.27
Product,Free Base,P7046818,Ice,Cherry Menthol - 18mg,Dark and sweet black cherry with a kool menthol hit,£11.05,10,0.110526225,£0.17,£0.28
Product,Free Base,P7046803,Ice,Cherry Menthol - 3mg,Dark and sweet black cherry with a kool menthol hit,£9.03,10,0.090275775,£0.17,£0.26
Product,Free Base,P7046806,Ice,Cherry Menthol - 6mg,Dark and sweet black cherry with a kool menthol hit,£9.43,10,0.094325865,£0.17,£0.26
Product,Free Base,P7030600,Tobacco,Gold Leaf - 0mg,"A more complex tobacco flavour with slight floral notes, perfect for all day vaping.",£6.10,10,0.06097507,£0.17,£0.23
Product,Free Base,P7030612,Tobacco,Gold Leaf - 12mg,"A more complex tobacco flavour with slight floral notes, perfect for all day vaping.",£7.72,10,0.07717543,£0.17,£0.24
Product,Free Base,P7030618,Tobacco,Gold Leaf - 18mg,"A more complex tobacco flavour with slight floral notes, perfect for all day vaping.",£8.53,10,0.08527561,£0.17,£0.25
Product,Free Base,P7030603,Tobacco,Gold Leaf - 3mg,"A more complex tobacco flavour with slight floral notes, perfect for all day vaping.",£6.50,10,0.06502516,£0.17,£0.23
Product,Free Base,P7030606,Tobacco,Gold Leaf - 6mg,"A more complex tobacco flavour with slight floral notes, perfect for all day vaping.",£6.91,10,0.06907525,£0.17,£0.24
Product,Free Base,P7047100,Ice,Grape Menthol - 0mg,A perfect harmony of black concord grape and a kooling icy hit,£2.77,10,0.0277045953,£0.17,£0.19
Product,Free Base,P7047112,Ice,Grape Menthol - 12mg,A perfect harmony of black concord grape and a kooling icy hit,£4.39,10,0.0439049553,£0.17,£0.21
Product,Free Base,P7047118,Ice,Grape Menthol - 18mg,A perfect harmony of black concord grape and a kooling icy hit,£5.20,10,0.0520051353,£0.17,£0.22
Product,Free Base,P7047103,Ice,Grape Menthol - 3mg,A perfect harmony of black concord grape and a kooling icy hit,£3.18,10,0.0317546853,£0.17,£0.20
Product,Free Base,P7047106,Ice,Grape Menthol - 6mg,A perfect harmony of black concord grape and a kooling icy hit,£3.58,10,0.0358047753,£0.17,£0.20
Product,Free Base,P7003100,Drink,Green Monster - 0mg,Sweet and tart mixed fruit flavour with a classic NRG tang,£11.82,10,0.11824085,£0.17,£0.28
Product,Free Base,P7003112,Drink,Green Monster - 12mg,Sweet and tart mixed fruit flavour with a classic NRG tang,£13.44,10,0.13444121,£0.17,£0.30
Product,Free Base,P7003118,Drink,Green Monster - 18mg,Sweet and tart mixed fruit flavour with a classic NRG tang,£14.25,10,0.14254139,£0.17,£0.31
Product,Free Base,P7003103,Drink,Green Monster - 3mg,Sweet and tart mixed fruit flavour with a classic NRG tang,£12.23,10,0.12229094,£0.17,£0.29
Product,Free Base,P7003106,Drink,Green Monster - 6mg,Sweet and tart mixed fruit flavour with a classic NRG tang,£12.63,10,0.12634103,£0.17,£0.29
Product,Free Base,P7047900,Candy,Gummy Bears - 0mg,Mixed fruit candy flavour with a gummy edge,£9.70,10,0.097042985,£0.17,£0.26
Product,Free Base,P7047912,Candy,Gummy Bears - 12mg,Mixed fruit candy flavour with a gummy edge,£11.32,10,0.113243345,£0.17,£0.28
Product,Free Base,P7047918,Candy,Gummy Bears - 18mg,Mixed fruit candy flavour with a gummy edge,£12.13,10,0.121343525,£0.17,£0.29
Product,Free Base,P7047903,Candy,Gummy Bears - 3mg,Mixed fruit candy flavour with a gummy edge,£10.11,10,0.101093075,£0.17,£0.27
Product,Free Base,P7047906,Candy,Gummy Bears - 6mg,Mixed fruit candy flavour with a gummy edge,£10.51,10,0.105143165,£0.17,£0.27
Product,Free Base,P7031700,Drink,Jager - 0mg,Jager with a dash of NRG! We promise no hangover.,£11.59,10,0.115880895,£0.17,£0.28
Product,Free Base,P7031712,Drink,Jager - 12mg,Jager with a dash of NRG! We promise no hangover.,£13.21,10,0.132081255,£0.17,£0.30
Product,Free Base,P7031718,Drink,Jager - 18mg,Jager with a dash of NRG! We promise no hangover.,£14.02,10,0.140181435,£0.17,£0.31
Product,Free Base,P7031703,Drink,Jager - 3mg,Jager with a dash of NRG! We promise no hangover.,£11.99,10,0.119930985,£0.17,£0.29
Product,Free Base,P7031706,Drink,Jager - 6mg,Jager with a dash of NRG! We promise no hangover.,£12.40,10,0.123981075,£0.17,£0.29
Product,Free Base,P7225100,Fruit,Lemon & Lime - 0mg,A powerful citrus sensation with plenty of Zing!,£2.75,10,0.02753309,£0.17,£0.19
Product,Free Base,P7225112,Fruit,Lemon & Lime - 12mg,A powerful citrus sensation with plenty of Zing!,£4.37,10,0.04373345,£0.17,£0.21
Product,Free Base,P7225118,Fruit,Lemon & Lime - 18mg,A powerful citrus sensation with plenty of Zing!,£5.18,10,0.05183363,£0.17,£0.22
Product,Free Base,P7225103,Fruit,Lemon & Lime - 3mg,A powerful citrus sensation with plenty of Zing!,£3.16,10,0.03158318,£0.17,£0.20
Product,Free Base,P7225106,Fruit,Lemon & Lime - 6mg,A powerful citrus sensation with plenty of Zing!,£3.56,10,0.03563327,£0.17,£0.20
Product,Free Base,P7031900,Drink,Mango Ice Tea - 0mg,Tropical mango with a cool ice tea base.,£15.07,10,0.15070328,£0.17,£0.32
Product,Free Base,P7031912,Drink,Mango Ice Tea - 12mg,Tropical mango with a cool ice tea base.,£16.69,10,0.16690364,£0.17,£0.33
Product,Free Base,P7031918,Drink,Mango Ice Tea - 18mg,Tropical mango with a cool ice tea base.,£17.50,10,0.17500382,£0.17,£0.34
Product,Free Base,P7031903,Drink,Mango Ice Tea - 3mg,Tropical mango with a cool ice tea base.,£15.48,10,0.15475337,£0.17,£0.32
Product,Free Base,P7031906,Drink,Mango Ice Tea - 6mg,Tropical mango with a cool ice tea base.,£15.88,10,0.15880346,£0.17,£0.33
Product,Free Base,V1072618,None,Max VG Nicotine Salt Shot - VG - 18mg,Unflavoured,£6.24,10,0.062399532,£0.17,£0.23
Product,Free Base,P7031300,Fruit,Melon Mix - 0mg,A delightful melon blend with hints of peach and a dash of cherry,£10.62,10,0.106233075,£0.17,£0.27
Product,Free Base,P7031312,Fruit,Melon Mix - 12mg,A delightful melon blend with hints of peach and a dash of cherry,£12.24,10,0.122433435,£0.17,£0.29
Product,Free Base,P7031318,Fruit,Melon Mix - 18mg,A delightful melon blend with hints of peach and a dash of cherry,£13.05,10,0.130533615,£0.17,£0.30
Product,Free Base,P7031303,Fruit,Melon Mix - 3mg,A delightful melon blend with hints of peach and a dash of cherry,£11.03,10,0.110283165,£0.17,£0.28
Product,Free Base,P7031306,Fruit,Melon Mix - 6mg,A delightful melon blend with hints of peach and a dash of cherry,£11.43,10,0.114333255,£0.17,£0.28
Product,Free Base,P7030700,Mint,Menthol - 0mg,Plain and simple - For the pure menthol enthusiasts.,£3.73,10,0.0373256,£0.17,£0.20
Product,Free Base,P7030712,Mint,Menthol - 12mg,Plain and simple - For the pure menthol enthusiasts.,£5.35,10,0.05352596,£0.17,£0.22
Product,Free Base,P7030718,Mint,Menthol - 18mg,Plain and simple - For the pure menthol enthusiasts.,£6.16,10,0.06162614,£0.17,£0.23
Product,Free Base,P7030703,Mint,Menthol - 3mg,Plain and simple - For the pure menthol enthusiasts.,£4.14,10,0.04137569,£0.17,£0.21
Product,Free Base,P7030706,Mint,Menthol - 6mg,Plain and simple - For the pure menthol enthusiasts.,£4.54,10,0.04542578,£0.17,£0.21
Product,Free Base,P7030900,Mint,Menthol Mint - 0mg,"A perfect balance of menthol, mint candy and spearmint.",£11.65,10,0.11650808,£0.17,£0.28
Product,Free Base,P7030912,Mint,Menthol Mint - 12mg,"A perfect balance of menthol, mint candy and spearmint.",£13.27,10,0.13270844,£0.17,£0.30
Product,Free Base,P7030918,Mint,Menthol Mint - 18mg,"A perfect balance of menthol, mint candy and spearmint.",£14.08,10,0.14080862,£0.17,£0.31
Product,Free Base,P7030903,Mint,Menthol Mint - 3mg,"A perfect balance of menthol, mint candy and spearmint.",£12.06,10,0.12055817,£0.17,£0.29
Product,Free Base,P7030906,Mint,Menthol Mint - 6mg,"A perfect balance of menthol, mint candy and spearmint.",£12.46,10,0.12460826,£0.17,£0.29
Product,Free Base,P7069100,Tobacco,Menthol Tobacco - 0mg,Timeless tobacco flavour mixed with a refreshing menthol.,£2.88,10,0.0287531075,£0.17,£0.20
Product,Free Base,P7069112,Tobacco,Menthol Tobacco - 12mg,Timeless tobacco flavour mixed with a refreshing menthol.,£4.50,10,0.0449534675,£0.17,£0.21
Product,Free Base,P7069118,Tobacco,Menthol Tobacco - 18mg,Timeless tobacco flavour mixed with a refreshing menthol.,£5.31,10,0.0530536475,£0.17,£0.22
Product,Free Base,P7069103,Tobacco,Menthol Tobacco - 3mg,Timeless tobacco flavour mixed with a refreshing menthol.,£3.28,10,0.0328031975,£0.17,£0.20
Product,Free Base,P7069106,Tobacco,Menthol Tobacco - 6mg,Timeless tobacco flavour mixed with a refreshing menthol.,£3.69,10,0.0368532875,£0.17,£0.20
Product,Free Base,P7065900,Candy,Parma Violet - 0mg,"The iconic British sweet, sweet, tart and slightly floral",£3.69,10,0.03691753,£0.17,£0.20
Product,Free Base,P7065912,Candy,Parma Violet - 12mg,"The iconic British sweet, sweet, tart and slightly floral",£5.31,10,0.05311789,£0.17,£0.22
Product,Free Base,P7065918,Candy,Parma Violet - 18mg,"The iconic British sweet, sweet, tart and slightly floral",£6.12,10,0.06121807,£0.17,£0.23
Product,Free Base,P7065903,Candy,Parma Violet - 3mg,"The iconic British sweet, sweet, tart and slightly floral",£4.10,10,0.04096762,£0.17,£0.21
Product,Free Base,P7065906,Candy,Parma Violet - 6mg,"The iconic British sweet, sweet, tart and slightly floral",£4.50,10,0.04501771,£0.17,£0.21
Product,Free Base,P7243400,Fruit,Peach - 0mg,Sweet and fuzzy peach,£3.67,10,0.03673215,£0.17,£0.20
Product,Free Base,P7243412,Fruit,Peach - 12mg,Sweet and fuzzy peach,£5.29,10,0.05293251,£0.17,£0.22
Product,Free Base,P7243418,Fruit,Peach - 18mg,Sweet and fuzzy peach,£6.10,10,0.06103269,£0.17,£0.23
Product,Free Base,P7243403,Fruit,Peach - 3mg,Sweet and fuzzy peach,£4.08,10,0.04078224,£0.17,£0.21
Product,Free Base,P7243406,Fruit,Peach - 6mg,Sweet and fuzzy peach,£4.48,10,0.04483233,£0.17,£0.21
Product,Free Base,P7056700,Candy,Pear Drops - 0mg,A traditional sweet shop classic. Soft on the tongue but big on flavour.,£14.03,10,0.1402778,£0.17,£0.31
Product,Free Base,P7056712,Candy,Pear Drops - 12mg,A traditional sweet shop classic. Soft on the tongue but big on flavour.,£15.65,10,0.15647816,£0.17,£0.32
Product,Free Base,P7056718,Candy,Pear Drops - 18mg,A traditional sweet shop classic. Soft on the tongue but big on flavour.,£16.46,10,0.16457834,£0.17,£0.33
Product,Free Base,P7056703,Candy,Pear Drops - 3mg,A traditional sweet shop classic. Soft on the tongue but big on flavour.,£14.43,10,0.14432789,£0.17,£0.31
Product,Free Base,P7056706,Candy,Pear Drops - 6mg,A traditional sweet shop classic. Soft on the tongue but big on flavour.,£14.84,10,0.14837798,£0.17,£0.31
Product,Free Base,P7203400,Mint,Peppermint - 0mg,Classic hot mint flavour with a cool aftertaste.,£4.47,10,0.04466696,£0.17,£0.21
Product,Free Base,P7203412,Mint,Peppermint - 12mg,Classic hot mint flavour with a cool aftertaste.,£6.09,10,0.06086732,£0.17,£0.23
Product,Free Base,P7203418,Mint,Peppermint - 18mg,Classic hot mint flavour with a cool aftertaste.,£6.90,10,0.0689675,£0.17,£0.24
Product,Free Base,P7203403,Mint,Peppermint - 3mg,Classic hot mint flavour with a cool aftertaste.,£4.87,10,0.04871705,£0.17,£0.22
Product,Free Base,P7203406,Mint,Peppermint - 6mg,Classic hot mint flavour with a cool aftertaste.,£5.28,10,0.05276714,£0.17,£0.22
Product,Free Base,P7225300,Fruit,Raspberry - 0mg,"Sweet, tangy and ripe raspberry, with a fruity sweet exhale",£2.77,10,0.027733615,£0.17,£0.19
Product,Free Base,P7225312,Fruit,Raspberry - 12mg,"Sweet, tangy and ripe raspberry, with a fruity sweet exhale",£4.39,10,0.043933975,£0.17,£0.21
Product,Free Base,P7225318,Fruit,Raspberry - 18mg,"Sweet, tangy and ripe raspberry, with a fruity sweet exhale",£5.20,10,0.052034155,£0.17,£0.22
Product,Free Base,P7225303,Fruit,Raspberry - 3mg,"Sweet, tangy and ripe raspberry, with a fruity sweet exhale",£3.18,10,0.031783705,£0.17,£0.20
Product,Free Base,P7225306,Fruit,Raspberry - 6mg,"Sweet, tangy and ripe raspberry, with a fruity sweet exhale",£3.58,10,0.035833795,£0.17,£0.20
Product,Free Base,P7047700,Candy,Skittles - 0mg,Vape the Rainbow! A delightful fizzy blend of fruity candy.,£16.20,10,0.16204903,£0.17,£0.33
Product,Free Base,P7047712,Candy,Skittles - 12mg,Vape the Rainbow! A delightful fizzy blend of fruity candy.,£17.82,10,0.17824939,£0.17,£0.34
Product,Free Base,P7047718,Candy,Skittles - 18mg,Vape the Rainbow! A delightful fizzy blend of fruity candy.,£18.63,10,0.18634957,£0.17,£0.35
Product,Free Base,P7047703,Candy,Skittles - 3mg,Vape the Rainbow! A delightful fizzy blend of fruity candy.,£16.61,10,0.16609912,£0.17,£0.33
Product,Free Base,P7047706,Candy,Skittles - 6mg,Vape the Rainbow! A delightful fizzy blend of fruity candy.,£17.01,10,0.17014921,£0.17,£0.34
Product,Free Base,P7031000,Mint,Spearmint - 0mg,"A sweet, refreshing flavour reminiscent of chewy mints.",£3.19,10,0.03191257071,£0.17,£0.20
Product,Free Base,P7031012,Mint,Spearmint - 12mg,"A sweet, refreshing flavour reminiscent of chewy mints.",£4.81,10,0.04811293071,£0.17,£0.21
Product,Free Base,P7031018,Mint,Spearmint - 18mg,"A sweet, refreshing flavour reminiscent of chewy mints.",£5.62,10,0.05621311071,£0.17,£0.22
Product,Free Base,P7031003,Mint,Spearmint - 3mg,"A sweet, refreshing flavour reminiscent of chewy mints.",£3.60,10,0.03596266071,£0.17,£0.20
Product,Free Base,P7031006,Mint,Spearmint - 6mg,"A sweet, refreshing flavour reminiscent of chewy mints.",£4.00,10,0.04001275071,£0.17,£0.21
Product,Free Base,P7046900,Ice,Strawberry Menthol - 0mg,"Juicy, sweet strawberries followed by a refreshing cooling menthol.",£4.09,10,0.0408872425,£0.17,£0.21
Product,Free Base,P7046912,Ice,Strawberry Menthol - 12mg,"Juicy, sweet strawberries followed by a refreshing cooling menthol.",£5.71,10,0.0570876025,£0.17,£0.22
Product,Free Base,P7046918,Ice,Strawberry Menthol - 18mg,"Juicy, sweet strawberries followed by a refreshing cooling menthol.",£6.52,10,0.0651877825,£0.17,£0.23
Product,Free Base,P7046903,Ice,Strawberry Menthol - 3mg,"Juicy, sweet strawberries followed by a refreshing cooling menthol.",£4.49,10,0.0449373325,£0.17,£0.21
Product,Free Base,P7046906,Ice,Strawberry Menthol - 6mg,"Juicy, sweet strawberries followed by a refreshing cooling menthol.",£4.90,10,0.0489874225,£0.17,£0.22
Product,Free Base,P7030800,Mint,Strong Menthol - 0mg,"Ultra hard hitting menthol, with a blast of eucalyptus.",£4.45,10,0.04450966,£0.17,£0.21
Product,Free Base,P7030812,Mint,Strong Menthol - 12mg,"Ultra hard hitting menthol, with a blast of eucalyptus.",£6.07,10,0.06071002,£0.17,£0.23
Product,Free Base,P7030818,Mint,Strong Menthol - 18mg,"Ultra hard hitting menthol, with a blast of eucalyptus.",£6.88,10,0.0688102,£0.17,£0.24
Product,Free Base,P7030803,Mint,Strong Menthol - 3mg,"Ultra hard hitting menthol, with a blast of eucalyptus.",£4.86,10,0.04855975,£0.17,£0.21
Product,Free Base,P7030806,Mint,Strong Menthol - 6mg,"Ultra hard hitting menthol, with a blast of eucalyptus.",£5.26,10,0.05260984,£0.17,£0.22
Product,Free Base,V7064818,Ice,Sub Zero Nicotine Shot - VG - 18mg,Unflavoured with Koolada,£5.93,10,0.05932254,£0.17,£0.23
Product,Free Base,P7031500,Candy,Sweet Liquorice - 0mg,"Dark, intense sweet liquorice flavour.",£12.45,10,0.12450685,£0.17,£0.29
Product,Free Base,P7031512,Candy,Sweet Liquorice - 12mg,"Dark, intense sweet liquorice flavour.",£14.07,10,0.14070721,£0.17,£0.31
Product,Free Base,P7031518,Candy,Sweet Liquorice - 18mg,"Dark, intense sweet liquorice flavour.",£14.88,10,0.14880739,£0.17,£0.32
Product,Free Base,P7031503,Candy,Sweet Liquorice - 3mg,"Dark, intense sweet liquorice flavour.",£12.86,10,0.12855694,£0.17,£0.29
Product,Free Base,P7031506,Candy,Sweet Liquorice - 6mg,"Dark, intense sweet liquorice flavour.",£13.26,10,0.13260703,£0.17,£0.30
Product,Free Base,P7046600,Tobacco,Tobacco - 0mg,A classic tobacco with a touch of sweetness.,£2.71,10,0.027080625,£0.17,£0.19
Product,Free Base,P7046612,Tobacco,Tobacco - 12mg,A classic tobacco with a touch of sweetness.,£4.33,10,0.043280985,£0.17,£0.21
Product,Free Base,P7046618,Tobacco,Tobacco - 18mg,A classic tobacco with a touch of sweetness.,£5.14,10,0.051381165,£0.17,£0.22
Product,Free Base,P7046603,Tobacco,Tobacco - 3mg,A classic tobacco with a touch of sweetness.,£3.11,10,0.031130715,£0.17,£0.20
Product,Free Base,P7046606,Tobacco,Tobacco - 6mg,A classic tobacco with a touch of sweetness.,£3.52,10,0.035180805,£0.17,£0.20
Product,Free Base,P7031200,Fruit,Tropical Mix - 0mg,"A trio of tropical fruits pineapple, papaya and dragon fruit combine to make a sweet and fruity vape that lingers in the mouth.",£8.51,10,0.085143175,£0.17,£0.25
Product,Free Base,P7031212,Fruit,Tropical Mix - 12mg,"A trio of tropical fruits pineapple, papaya and dragon fruit combine to make a sweet and fruity vape that lingers in the mouth.",£10.13,10,0.101343535,£0.17,£0.27
Product,Free Base,P7031218,Fruit,Tropical Mix - 18mg,"A trio of tropical fruits pineapple, papaya and dragon fruit combine to make a sweet and fruity vape that lingers in the mouth.",£10.94,10,0.109443715,£0.17,£0.28
Product,Free Base,P7031203,Fruit,Tropical Mix - 3mg,"A trio of tropical fruits pineapple, papaya and dragon fruit combine to make a sweet and fruity vape that lingers in the mouth.",£8.92,10,0.089193265,£0.17,£0.26
Product,Free Base,P7031206,Fruit,Tropical Mix - 6mg,"A trio of tropical fruits pineapple, papaya and dragon fruit combine to make a sweet and fruity vape that lingers in the mouth.",£9.32,10,0.093243355,£0.17,£0.26
Product,Free Base,P7056800,Candy,Tutti Fruity - 0mg,A sweet and juicy blend of mixed candy fruits.,£3.67,10,0.03674073,£0.17,£0.20
Product,Free Base,P7056812,Candy,Tutti Fruity - 12mg,A sweet and juicy blend of mixed candy fruits.,£5.29,10,0.05294109,£0.17,£0.22
Product,Free Base,P7056818,Candy,Tutti Fruity - 18mg,A sweet and juicy blend of mixed candy fruits.,£6.10,10,0.06104127,£0.17,£0.23
Product,Free Base,P7056803,Candy,Tutti Fruity - 3mg,A sweet and juicy blend of mixed candy fruits.,£4.08,10,0.04079082,£0.17,£0.21
Product,Free Base,P7056806,Candy,Tutti Fruity - 6mg,A sweet and juicy blend of mixed candy fruits.,£4.48,10,0.04484091,£0.17,£0.21
Product,Free Base,P7046500,Tobacco,USA Blend - 0mg,A no fuss tobacco taste with rich woody undertones.,£3.36,10,0.03358485,£0.17,£0.20
Product,Free Base,P7046512,Tobacco,USA Blend - 12mg,A no fuss tobacco taste with rich woody undertones.,£4.98,10,0.04978521,£0.17,£0.22
Product,Free Base,P7046518,Tobacco,USA Blend - 18mg,A no fuss tobacco taste with rich woody undertones.,£5.79,10,0.05788539,£0.17,£0.22
Product,Free Base,P7046503,Tobacco,USA Blend - 3mg,A no fuss tobacco taste with rich woody undertones.,£3.76,10,0.03763494,£0.17,£0.20
Product,Free Base,P7046506,Tobacco,USA Blend - 6mg,A no fuss tobacco taste with rich woody undertones.,£4.17,10,0.04168503,£0.17,£0.21
Product,Free Base,P7084100,Dessert,Vanilla - 0mg,Creamy and fragrant classic french style vanilla,£3.05,10,0.0304759,£0.17,£0.20
Product,Free Base,P7084112,Dessert,Vanilla - 12mg,Creamy and fragrant classic french style vanilla,£4.67,10,0.04667626,£0.17,£0.21
Product,Free Base,P7084118,Dessert,Vanilla - 18mg,Creamy and fragrant classic french style vanilla,£5.48,10,0.05477644,£0.17,£0.22
Product,Free Base,P7084103,Dessert,Vanilla - 3mg,Creamy and fragrant classic french style vanilla,£3.45,10,0.03452599,£0.17,£0.20
Product,Free Base,P7084106,Dessert,Vanilla - 6mg,Creamy and fragrant classic french style vanilla,£3.86,10,0.03857608,£0.17,£0.20
Product,Free Base,P7048000,Candy,Watermelon Candy - 0mg,An extra juicy candied watermelon flavour with a sugary aftertaste.,£15.25,10,0.152493965,£0.17,£0.32
Product,Free Base,P7048012,Candy,Watermelon Candy - 12mg,An extra juicy candied watermelon flavour with a sugary aftertaste.,£16.87,10,0.168694325,£0.17,£0.34
Product,Free Base,P7048018,Candy,Watermelon Candy - 18mg,An extra juicy candied watermelon flavour with a sugary aftertaste.,£17.68,10,0.176794505,£0.17,£0.34
Product,Free Base,P7048003,Candy,Watermelon Candy - 3mg,An extra juicy candied watermelon flavour with a sugary aftertaste.,£15.65,10,0.156544055,£0.17,£0.32
Product,Free Base,P7048006,Candy,Watermelon Candy - 6mg,An extra juicy candied watermelon flavour with a sugary aftertaste.,£16.06,10,0.160594145,£0.17,£0.33
Product,Free Base,P7031800,Fruit,Wild Strawberry - 0mg,Juicy and ripe strawberry flavour with a tart finish,£6.67,10,0.066729,£0.17,£0.23
Product,Free Base,P7031812,Fruit,Wild Strawberry - 12mg,Juicy and ripe strawberry flavour with a tart finish,£8.29,10,0.08292936,£0.17,£0.25
Product,Free Base,P7031818,Fruit,Wild Strawberry - 18mg,Juicy and ripe strawberry flavour with a tart finish,£9.10,10,0.09102954,£0.17,£0.26
Product,Free Base,P7031803,Fruit,Wild Strawberry - 3mg,Juicy and ripe strawberry flavour with a tart finish,£7.08,10,0.07077909,£0.17,£0.24
Product,Free Base,P7031806,Fruit,Wild Strawberry - 6mg,Juicy and ripe strawberry flavour with a tart finish,£7.48,10,0.07482918,£0.17,£0.24
Product,Nic Salt,P5151920,Fruit,Apple  - 20mg,Fresh and crisp green apple with sweet-tart undertones,£9.70,10,0.09704864,£0.17,£0.26
Product,Nic Salt,P5151810,Fruit,Apple - 10mg,Fresh and crisp green apple with sweet-tart undertones,£7.10,10,0.0710489,£0.17,£0.24
Product,Nic Salt,P5148410,Dessert,Apricot Yoghurt - 10mg,Tangy and creamy yoghurt paired with a sweet but tart apricot compote,£5.45,10,0.05450406,£0.17,£0.22
Product,Nic Salt,P5148420,Dessert,Apricot Yoghurt - 20mg,Tangy and creamy yoghurt paired with a sweet but tart apricot compote,£8.05,10,0.0805038,£0.17,£0.25
Product,Nic Salt,P5076410,Dessert,Banana cream - 10mg,Ripe banana with lashings of rich cream,£6.40,10,0.06397872,£0.17,£0.23
Product,Nic Salt,P5076420,Dessert,Banana cream - 20mg,Ripe banana with lashings of rich cream,£9.00,10,0.08997846,£0.17,£0.26
Product,Nic Salt,P5246110,Ice,Banana Ice - 10mg,A combination of sweet and ripe banana with a cooling icy hit,£7.36,10,0.07357155,£0.17,£0.24
Product,Nic Salt,P5246220,Ice,Banana Ice - 20mg,A combination of sweet and ripe banana with a cooling icy hit,£9.96,10,0.09957129,£0.17,£0.27
Product,Nic Salt,P5246005,Ice,Banana Ice - 5mg,A combination of sweet and ripe banana with a cooling icy hit,£6.06,10,0.06057168,£0.17,£0.23
Product,Nic Salt,P5094910,Ice,Black Ice - 10mg,"Cordial style blackcurrant, sweet and juicy with a kool menthol kick",£5.42,10,0.05421323375,£0.17,£0.22
Product,Nic Salt,P5094920,Ice,Black Ice - 20mg,"Cordial style blackcurrant, sweet and juicy with a kool menthol kick",£8.02,10,0.08021297375,£0.17,£0.25
Product,Nic Salt,P5124110,Fruit,Blackcurrants - 10mg,"A Ribena style blackcurrant flavour, sweet and tart, with a slightly sour aftertaste",£5.13,10,0.051298806,£0.17,£0.22
Product,Nic Salt,P5124120,Fruit,Blackcurrants - 20mg,"A Ribena style blackcurrant flavour, sweet and tart, with a slightly sour aftertaste",£7.73,10,0.077298546,£0.17,£0.24
Product,Nic Salt,P5076310,Fruit,Blue Raspberry - 10mg,Super juicy blue raspberry with a refreshing candy-sweet aftertaste.,£6.64,10,0.06637856875,£0.17,£0.23
Product,Nic Salt,P5076320,Fruit,Blue Raspberry - 20mg,Super juicy blue raspberry with a refreshing candy-sweet aftertaste.,£9.24,10,0.09237830875,£0.17,£0.26
Product,Nic Salt,P5251010,Ice,Cherry Ice/Fizz - 10mg,Sweet and well rounded cocktail cherry with an icy hit,£6.97,10,0.06966388,£0.17,£0.24
Product,Nic Salt,P5251020,Ice,Cherry Ice/Fizz - 20mg,Sweet and well rounded cocktail cherry with an icy hit,£9.57,10,0.09566362,£0.17,£0.26
Product,Nic Salt,P5251005,Ice,Cherry Ice/Fizz - 5mg,Sweet and well rounded cocktail cherry with an icy hit,£5.67,10,0.05666401,£0.17,£0.22
Product,Nic Salt,P5123910,Drink,Colas - 10mg,A classic cola blend with a candy edge and a slight fizz on the backend,£5.30,10,0.05304713375,£0.17,£0.22
Product,Nic Salt,P5123920,Drink,Colas - 20mg,A classic cola blend with a candy edge and a slight fizz on the backend,£7.90,10,0.07904687375,£0.17,£0.25
Product,Nic Salt,P5076910,Fruit,Forest fruits - 10mg,Sweet and tangy berries with the fresh bite of green apples.,£6.46,10,0.064567035,£0.17,£0.23
Product,Nic Salt,P5076920,Fruit,Forest fruits - 20mg,Sweet and tangy berries with the fresh bite of green apples.,£9.06,10,0.090566775,£0.17,£0.26
Product,Nic Salt,P5245110,Ice,Grape Ice - 10mg,A perfect harmony of black concord grape and a kooling icy hit,£6.06,10,0.06064955,£0.17,£0.23
Product,Nic Salt,P5245220,Ice,Grape Ice - 20mg,A perfect harmony of black concord grape and a kooling icy hit,£8.66,10,0.08664929,£0.17,£0.25
Product,Nic Salt,P5245005,Ice,Grape Ice - 5mg,A perfect harmony of black concord grape and a kooling icy hit,£4.76,10,0.04764968,£0.17,£0.21
Product,Nic Salt,P5076510,Ice,H Berg - 10mg,A strong hit of dark berry and candy berry fruits with a blast of cold menthol and aniseed.,£10.88,10,0.1087630553,£0.17,£0.28
Product,Nic Salt,P5076520,Ice,H Berg - 20mg,A strong hit of dark berry and candy berry fruits with a blast of cold menthol and aniseed.,£13.48,10,0.1347627953,£0.17,£0.30
Product,Nic Salt,P7128710,Dessert,Key Lime Pie - 10mg,"creamy and zingy lime cookies,",£9.89,10,0.098856745,£0.17,£0.27
Product,Nic Salt,P7128720,Dessert,Key Lime Pie - 20mg,"creamy and zingy lime cookies,",£12.49,10,0.124856485,£0.17,£0.29
Product,Nic Salt,P5151610,Ice,Kool Apple - 10mg,Crisp and sweet green apple with a icy kick,£8.18,10,0.08175232,£0.17,£0.25
Product,Nic Salt,P5151720,Ice,Kool Apple - 20mg,Crisp and sweet green apple with a icy kick,£10.78,10,0.10775206,£0.17,£0.27
Product,Nic Salt,P5151210,Ice,Kool Lemon & Lime - 10mg,"A perfect blend of sour, tart lemon and tangy, sweet lime with an icy blast",£7.32,10,0.07322194,£0.17,£0.24
Product,Nic Salt,P5151220,Ice,Kool Lemon & Lime - 20mg,"A perfect blend of sour, tart lemon and tangy, sweet lime with an icy blast",£9.92,10,0.09922168,£0.17,£0.27
Product,Nic Salt,P5150410,Ice,Kool Lychee Blackcurrant - 10mg,Sweet and tart blackcurrant with tropical and fruity lychee. A very well-balanced flavour with an icy blast,£12.61,10,0.12614901,£0.17,£0.29
Product,Nic Salt,P5150520,Ice,Kool Lychee Blackcurrant - 20mg,Sweet and tart blackcurrant with tropical and fruity lychee. A very well-balanced flavour with an icy blast,£15.21,10,0.15214875,£0.17,£0.32
Product,Nic Salt,P5150810,Ice,Kool Mango Blackcurrant - 10mg,An intense mixture of sweet mango and classic Blackcurrant with an icy kick,£14.85,10,0.148531955,£0.17,£0.31
Product,Nic Salt,P5150920,Ice,Kool Mango Blackcurrant - 20mg,An intense mixture of sweet mango and classic Blackcurrant with an icy kick,£17.45,10,0.174531695,£0.17,£0.34
Product,Nic Salt,P5152010,Ice,Kool Raspberry - 10mg,"Sweet, tangy and ripe raspberry, with a kool icy hit",£6.15,10,0.0615186,£0.17,£0.23
Product,Nic Salt,P5152120,Ice,Kool Raspberry - 20mg,"Sweet, tangy and ripe raspberry, with a kool icy hit",£8.75,10,0.08751834,£0.17,£0.25
Product,Nic Salt,P5150010,Ice,Kool Watermelon - 10mg,"Refreshing ripe watermelon, with tropical fruity undertones throughout with an icy kick",£6.40,10,0.064020125,£0.17,£0.23
Product,Nic Salt,P5150120,Ice,Kool Watermelon - 20mg,"Refreshing ripe watermelon, with tropical fruity undertones throughout with an icy kick",£9.00,10,0.090019865,£0.17,£0.26
Product,Nic Salt,P5151410,Fruit,Lemon & Lime - 10mg,"A perfect blend of sour, tart lemon and tangy, sweet lime",£6.72,10,0.067206775,£0.17,£0.23
Product,Nic Salt,P5151420,Fruit,Lemon & Lime - 20mg,"A perfect blend of sour, tart lemon and tangy, sweet lime",£9.32,10,0.093206515,£0.17,£0.26
Product,Nic Salt,P5076810,Dessert,Lemon Tart - 10mg,Tangy lemon curd with a flaky biscuit crust finished with a rich vanilla cream,£10.14,10,0.1014452238,£0.17,£0.27
Product,Nic Salt,P5076820,Dessert,Lemon Tart - 20mg,Tangy lemon curd with a flaky biscuit crust finished with a rich vanilla cream,£12.74,10,0.1274449638,£0.17,£0.29
Product,Nic Salt,P5150610,Fruit,Lychee Blackcurrant - 10mg,Sweet and tart blackcurrant with tropical and fruity lychee. A very well-balanced flavour,£11.41,10,0.11411868,£0.17,£0.28
Product,Nic Salt,P5150720,Fruit,Lychee Blackcurrant - 20mg,Sweet and tart blackcurrant with tropical and fruity lychee. A very well-balanced flavour,£14.01,10,0.14011842,£0.17,£0.31
Product,Nic Salt,P5151010,Fruit,Mango Blackcurrant - 10mg,An intense mixture of sweet mango and classic Blackcurrant.,£13.65,10,0.136501625,£0.17,£0.30
Product,Nic Salt,P5151020,Fruit,Mango Blackcurrant - 20mg,An intense mixture of sweet mango and classic Blackcurrant.,£16.25,10,0.162501365,£0.17,£0.33
Product,Nic Salt,P5142610,Fruit,Mango Madness - 10mg,A prominent super sweet Indian mango hit perfectly balanced with a slightly tart edge.,£17.74,10,0.17740697,£0.17,£0.34
Product,Nic Salt,P5142720,Fruit,Mango Madness - 20mg,A prominent super sweet Indian mango hit perfectly balanced with a slightly tart edge.,£20.34,10,0.20340671,£0.17,£0.37
Product,Nic Salt,P5094810,Mint,Menthol - 10mg,"Clean, simple and cold no fuss menthol.",£5.69,10,0.05693231375,£0.17,£0.22
Product,Nic Salt,P5094820,Mint,Menthol - 20mg,"Clean, simple and cold no fuss menthol.",£8.29,10,0.08293205375,£0.17,£0.25
Product,Nic Salt,P5124010,Fruit,Peach & Passionfruits - 10mg,"Juicy peach and tangy passion fruit, with a refreshing finish.",£5.45,10,0.05445958224,£0.17,£0.22
Product,Nic Salt,P5124020,Fruit,Peach & Passionfruits - 20mg,"Juicy peach and tangy passion fruit, with a refreshing finish.",£8.05,10,0.08045932224,£0.17,£0.25
Product,Nic Salt,P5245510,Mint,Peppermint - 10mg,Classic hot mint flavour with a cool aftertaste.,£6.40,10,0.064020125,£0.17,£0.23
Product,Nic Salt,P5245620,Mint,Peppermint - 20mg,Classic hot mint flavour with a cool aftertaste.,£9.00,10,0.090019865,£0.17,£0.26
Product,Nic Salt,P5245405,Mint,Peppermint - 5mg,Classic hot mint flavour with a cool aftertaste.,£5.10,10,0.051020255,£0.17,£0.22
Product,Nic Salt,P6128610,Fruit,Pineapple and Coconut - 10mg,Ripe and juicy pineapple with a luxurious creamy coconut finish,£14.19,10,0.1418973806,£0.17,£0.31
Product,Nic Salt,P6128620,Fruit,Pineapple and Coconut - 20mg,Ripe and juicy pineapple with a luxurious creamy coconut finish,£16.79,10,0.1678971206,£0.17,£0.33
Product,Nic Salt,P6128910,Candy,Rainbow Candy - 10mg,Pick n mix gummy skittle candy flavour,£15.34,10,0.153399155,£0.17,£0.32
Product,Nic Salt,P6128920,Candy,Rainbow Candy - 20mg,Pick n mix gummy skittle candy flavour,£17.94,10,0.179398895,£0.17,£0.35
Product,Nic Salt,P5152210,Fruit,Raspberry - 10mg,"Sweet, tangy and ripe raspberry, with a fruity sweet exhale",£5.00,10,0.050011,£0.17,£0.22
Product,Nic Salt,P5152320,Fruit,Raspberry - 20mg,"Sweet, tangy and ripe raspberry, with a fruity sweet exhale",£7.60,10,0.07601074,£0.17,£0.24
Product,Nic Salt,P5077010,Dessert,Raspberry Tart - 10mg,Subtle sweet Raspberry with a flaky biscuit crust finished with a rich vanilla cream,£10.16,10,0.1016178313,£0.17,£0.27
Product,Nic Salt,P5077020,Dessert,Raspberry Tart - 20mg,Subtle sweet Raspberry with a flaky biscuit crust finished with a rich vanilla cream,£12.76,10,0.1276175713,£0.17,£0.29
Product,Nic Salt,P5077110,Ice,Red Astaire - 10mg,"Sweet red berry fruits, mixed with a stunning eucalyptus menthol and a touch of aniseed.",£10.44,10,0.1044494203,£0.17,£0.27
Product,Nic Salt,P5077120,Ice,Red Astaire - 20mg,"Sweet red berry fruits, mixed with a stunning eucalyptus menthol and a touch of aniseed.",£13.04,10,0.1304491603,£0.17,£0.30
Product,Nic Salt,P5245810,Mint,Spearmint - 10mg,"Classic spearmint, sweet and soft, the perfect fresh all-day vape",£5.99,10,0.05986344,£0.17,£0.23
Product,Nic Salt,P5245920,Mint,Spearmint - 20mg,"Classic spearmint, sweet and soft, the perfect fresh all-day vape",£8.59,10,0.08586318,£0.17,£0.25
Product,Nic Salt,P5245705,Mint,Spearmint - 5mg,"Classic spearmint, sweet and soft, the perfect fresh all-day vape",£4.69,10,0.04686357,£0.17,£0.21
Product,Nic Salt,P6128810,Candy,Strawberry Cotton Candy - 10mg,Sugary sweet candyfloss with a subtle candy strawberry undertone,£7.24,10,0.07239271,£0.17,£0.24
Product,Nic Salt,P6128820,Candy,Strawberry Cotton Candy - 20mg,Sugary sweet candyfloss with a subtle candy strawberry undertone,£9.84,10,0.09839245,£0.17,£0.26
Product,Nic Salt,P5076610,Tobacco,Sweet tobacco - 10mg,"One of the most iconic vaping flavours, tobacco with hints of vanilla and caramel.",£6.77,10,0.06768307,£0.17,£0.23
Product,Nic Salt,P5076620,Tobacco,Sweet tobacco - 20mg,"One of the most iconic vaping flavours, tobacco with hints of vanilla and caramel.",£9.37,10,0.09368281,£0.17,£0.26
Product,Nic Salt,P5150210,Fruit,Watermelon - 10mg,"Refreshing ripe watermelon, with tropical fruity undertones throughout",£5.20,10,0.051989795,£0.17,£0.22
Product,Nic Salt,P5150320,Fruit,Watermelon - 20mg,"Refreshing ripe watermelon, with tropical fruity undertones throughout",£7.80,10,0.077989535,£0.17,£0.24
Product,Shortfill,SV6163005,Mint,Spearmint Chew,"Classic spearmint, sweet and soft, the perfect fresh all-day vape",£2.49,50,0.124514585,£0.40,£0.52
Product,Shortfill,SV6231205,Drink,Lemonade Ice,"A classic American style lemonade, sweet and tart with a big icy kick",£4.71,50,0.235421465,£0.40,£0.63
Product,Shortfill,SV6251210,Drink,Blue Raspberry Lemonade,Tangy and sweet blue raspberry blended with a traditional American-style lemonade,£8.49,100,0.84890592,£0.42,£1.27
Product,Shortfill,SV6251110,Drink,Cherry Peach Lemonade Ice,Tart cocktail cherry and fuzzy ripe peach blended with an old nschool lemonade flavour,£5.18,100,0.517872828,£0.42,£0.94
Product,Shortfill,SV7264710,Tobacco,RY4,Classic woody tobacco base with hints of vanilla and caramel,£4.23,100,0.42311646,£0.42,£0.85
Product,Shortfill,SV6105005,Candy,Bubblegum,Extra juicy mixed fruit bubblegum flavour,£2.10,50,0.10499112,£0.40,£0.50
Product,Shortfill,SV7101404,Tobacco,Tobacco Chocolate,"Everyones favourite RY4 tobacco, blended with roasted hazelnuts and a rich velvety chocolate.",£2.67,40,0.106724475,£0.40,£0.50
Product,Shortfill,SV5103504,Fruit,Pineapple,A distinctly tropical taste. Sweet and ripe pineapples with splashes of other tropical fruits.,£2.71,40,0.10823124,£0.40,£0.50
Product,Shortfill,SV6102305,Fruit,Raspberry,"Sweet, tangy and ripe raspberry, with a fruity sweet exhale",£2.20,50,0.11011416,£0.40,£0.51
Product,Shortfill,SV6104705,Drink,Grape Soda,Sweet and juicy black grape with a touch of fizz,£2.27,50,0.11361246,£0.40,£0.51
Product,Shortfill,SV5103904,Dessert,Vanilla,Creamy and fragrant classic french style vanilla,£2.87,40,0.1149486,£0.40,£0.51
Product,Shortfill,SV5108005,Mint,Menthol,A simple and refreshing blast of menthol.,£2.36,50,0.1179624225,£0.40,£0.51
Product,Shortfill,SV6152505,Fruit,Watermelon,"Refreshing ripe watermelon, with tropical fruity undertones throughout",£2.42,50,0.121222205,£0.40,£0.52
Product,Shortfill,SV5103604,Drink,Grape soda,Sweet and juicy black grape with a touch of fizz,£2.45,50,0.122515575,£0.40,£0.52
Product,Shortfill,SV6104805,Fruit,Pineapple,A distinctly tropical taste. Sweet and ripe pineapples with splashes of other tropical fruits.,£2.48,50,0.12383124,£0.40,£0.52
Product,Shortfill,SV6161205,Candy,Lemon Sherbet Chew,"Taffy-style sweet lemon, with hints of sherbet and a lasting linger of sweetness",£2.49,50,0.12434409,£0.40,£0.52
Product,Shortfill,SV7124305,Drink,Cola,A classic cola blend with a candy edge and a slight fizz on the backend,£2.57,50,0.1283309625,£0.40,£0.52
Product,Shortfill,SV6136105,Drink,Blueberry & Lime Cider,Sweet and juicy blueberry mixed with a tart cider base,£2.59,50,0.1295879325,£0.40,£0.53
Product,Shortfill,SV1101905,Ice,Kool Raspberry,"Sweet, tangy and ripe raspberry, with a fruity sweet exhale with an Kool hit",£2.66,50,0.1329744,£0.40,£0.53
Product,Shortfill,SV6161405,Candy,Drumsticks,The perfect harmony of raspberry and milk,£2.69,50,0.1343970225,£0.40,£0.53
Product,Shortfill,SV6126605,Ice,Black Ice,"Cordial style blackcurrant, sweet and juicy with a kool menthol kick",£2.71,50,0.1353275625,£0.40,£0.53
Product,Shortfill,SV6104905,Dessert,Apricot Yoghurt,Tangy and creamy yoghurt paired with a sweet but tart apricot compote,£2.76,50,0.13801086,£0.40,£0.53
Product,Shortfill,SV6103205,Candy,Parma Violet,"Retro sweet shop classic, sweet. fragrant and slightly floral parma violet",£2.78,50,0.13924599,£0.40,£0.54
Product,Shortfill,SV6102905,Candy,Foam Banana,"Retro sweet flavour, mellow candy banana with a creamy undertone",£2.81,50,0.14064453,£0.40,£0.54
Product,Shortfill,SV6101005,Fruit,Peach and passion fruit,Fuzzy peach and sweet-tart passion fruit blended to perfection,£2.85,50,0.14239173,£0.40,£0.54
Product,Shortfill,SV6136305,Drink,Elderflower & Pear Cider,Sweet and tangy pear cider combined with light floral notes of elderflower,£2.87,50,0.1433589625,£0.40,£0.54
Product,Shortfill,SV6136405,Drink,Strawberry & Lime Cider,Juicy and ripe strawberry and sour limes blended with a tart cider base.,£2.94,50,0.1467758825,£0.40,£0.54
Product,Shortfill,SV6162905,Candy,Blue Bon Bon,"A sweet shop classic, candy blue raspberry mixed with a hint of taffy",£3.03,50,0.15126085,£0.40,£0.55
Product,Shortfill,SV5103404,Dessert,Apricot yogurt,Tangy and creamy yoghurt paired with a sweet but tart apricot compote,£3.06,50,0.153013575,£0.40,£0.55
Product,Shortfill,SV6152405,Ice,Kool Watermelon,"Refreshing ripe watermelon, with tropical fruity undertones throughout with an icy kick",£3.15,50,0.157313195,£0.40,£0.55
Product,Shortfill,SV6126805,Dessert,Banana Cream,Ripe banana with lashings of rich cream,£3.88,50,0.19392048,£0.40,£0.59
Product,Shortfill,SV6126705,Fruit,Forest Fruits,A tangy and sweet blend of forest berries and crisp green apple,£3.95,50,0.19745037,£0.40,£0.59
Product,Shortfill,SV6136605,Drink,Orchard Apple Cider,Fresh and crisp green apple with tart cider base,£4.07,50,0.20361107,£0.40,£0.60
Product,Shortfill,SV6126505,Fruit,Blue Raspberry,Super juicy blue raspberry with a refreshing candy-sweet aftertaste.,£4.14,50,0.2069813038,£0.40,£0.60
Product,Shortfill,SV7101204,Tobacco,Date and Fig Tobacco,A rich tobacco combined with subtle dried fruit notes and a deep leathery undertone.,£4.24,50,0.2120688375,£0.40,£0.61
Product,Shortfill,SV6102205,Fruit,Lemon & Lime,"A perfect blend of sour, tart lemon and tangy, sweet lime",£4.26,50,0.212834135,£0.40,£0.61
Product,Shortfill,SV6102505,Fruit,Apple,Crisp and sweet green apple,£4.38,50,0.218994945,£0.40,£0.62
Product,Shortfill,SV6104305,Ice,Lemon iced tea,"Black tea and natural lemon flavours to create the slightly sweet, refreshing flavour of sun brewed iced tea",£4.52,50,0.2259316225,£0.40,£0.62
Product,Shortfill,SV6136505,Drink,Dark Fruits Cider,Tart and fruity dark berries mixed with a smooth but tangy apple cider base,£4.55,50,0.227288,£0.40,£0.62
Product,Shortfill,SV8102105,Ice,Kool Apple,Crisp and sweet green apple with a icy kick,£4.65,50,0.232260015,£0.40,£0.63
Product,Shortfill,SV7101504,Tobacco,Dessert Tobacco,"Flue-cured tobacco with subtle hints of vanilla, sweet caramel and moreish biscuit.",£4.78,50,0.23921235,£0.40,£0.64
Product,Shortfill,SV8101705,Ice,Lemon & Lime Koolada,"A perfect blend of sour, tart lemon and tangy, sweet lime with an icy kick",£4.89,50,0.24443941,£0.40,£0.64
Product,Shortfill,SV6147010,Fruit,Grape Raspberry Duo,Super juicy black concord grape and tart raspberry with candy bubblegum-like undertones,£2.39,100,0.23894442,£0.42,£0.66
Product,Shortfill,SV5103704,Fruit,Strawberry (40ml),Juicy and ripe strawberry flavour with a tart finish,£6.91,40,0.27638715,£0.40,£0.67
Product,Shortfill,SV6104505,Drink,Peach iced tea,Juicy fuzzy peach with black tea and a cooling aftertaste.,£5.62,50,0.28086942,£0.40,£0.68
Product,Shortfill,SV6160105,Ice,Raspberry Aniseed,Sweet and tangy raspberry perfectly balanced with the cooling hit of aniseed and eucalyptus menthol,£5.64,50,0.281814975,£0.40,£0.68
Product,Shortfill,SV6159805,Ice,Blackcurrant Aniseed,Sweet and tangy blackcurrant perfectly balanced with the cooling hit of aniseed and eucalyptus menthol,£5.79,50,0.289587025,£0.40,£0.69
Product,Shortfill,SV6104605,Fruit,Strawberry (50ml),Juicy and ripe strawberry flavour with a tart finish,£5.84,50,0.29198715,£0.40,£0.69
Product,Shortfill,SV7155810,Dessert,Coconut Cream Cake,Decadent coconut cream and smooth vanilla smooth topped toasted coconut,£2.65,100,0.26511355,£0.42,£0.69
Product,Shortfill,SV6160005,Ice,Lemon & Mint Aniseed,Fresh and tart lemon mint perfectly balanced with the cooling hit of aniseed and eucalyptus menthol,£5.89,50,0.29451318,£0.40,£0.69
Product,Shortfill,SV6104405,Drink,Mint iced tea,"Black tea and sweet mint flavours create the slightly sweet, refreshing flavour of sun brewed iced tea",£5.91,50,0.29550729,£0.40,£0.69
Product,Shortfill,SV6156205,Candy,Rhubarb & Custard,Tart rhubarb balanced with an extra creamy vanilla custard. Remaniencet of the retro sweet shop classic,£6.02,50,0.30111705,£0.40,£0.70
Product,Shortfill,SV7101304,Tobacco,Nutz 4 Tobacco,"A classic caramely tobacco base, mixed perfectly with roasted hazelnuts, pistachios and peanuts.",£7.80,40,0.31206435,£0.40,£0.71
Product,Shortfill,SV6102805,Candy,Black Jack,Dark and sweet licorice with a hint of taffy,£6.58,50,0.32886321,£0.40,£0.73
Product,Shortfill,SV6164805,Candy,Candy Cane,"Minty, sweet and refreshing candy-style peppermint",£6.61,50,0.3304145,£0.40,£0.73
Product,Shortfill,SV6159905,Ice,Grape Aniseed,Sweet and juicy black grape perfectly balanced with the cooling hit of aniseed and eucalyptus menthol,£6.61,50,0.330669235,£0.40,£0.73
Product,Shortfill,SV6101105,Dessert,Blueberry Muffin,"A sticky, stodgy treat topped with fresh blueberries and a hint of cinnamon.",£6.81,50,0.34036119,£0.40,£0.74
Product,Shortfill,SV6257610,Fruit,Orange & Pineapple Duo,Bright and juicy orange mixed with a sun-ripened pineapple,£3.51,100,0.35062395,£0.42,£0.77
Product,Shortfill,SV6147210,Fruit,Strawberry Kiwi Duo,Sweet and juicy strawberries with tropical kiwi throughout,£3.66,100,0.36593232,£0.42,£0.79
Product,Shortfill,SV5103304,Drink,Blackcurrant lemonade,Dark fruity notes with a fresh citrus all blended together with an icy cold after note.,£8.09,50,0.40440426,£0.40,£0.80
Product,Shortfill,SV5111704,Ice,The Blue One,The perfect blend of dark berry fruit with aniseed and a cooling menthol finish,£10.34,40,0.413400195,£0.40,£0.81
Product,Shortfill,SV6100905,Dessert,Lemon Tart,Tangy lemon curd with a soft spongy finished with a rich vanilla cream,£8.35,50,0.41758119,£0.40,£0.81
Product,Shortfill,SV6111605,Dessert,Raspberry Tart,Subtle sweet Raspberry with a flaky biscuit crust finished with a rich vanilla cream,£8.40,50,0.4197551475,£0.40,£0.82
Product,Shortfill,SV5103804,Ice,Red One,Sweet and tangy red berries perfectly balanced with the cooling hit of aniseed and menthol,£10.56,40,0.4225713375,£0.40,£0.82
Product,Shortfill,SV6257805,Ice,Cherry Aniseed,Sweet and juicy cocktail cherry perfectly balanced with the cooling hit of aniseed and eucalyptus menthol,£8.75,50,0.437475432,£0.40,£0.83
Product,Shortfill,SV6257710,Ice,Orange & Pineapple Duo Ice,Bright and juicy orange mixed with a sun-ripened pineapple with an icy kick,£4.24,100,0.4237236,£0.42,£0.85
Product,Shortfill,SV6147510,Ice,Grape Raspberry Duo Ice,Super juicy black concord grape and tart raspberry with candy bubblegum-like undertones and an icy finish,£4.24,100,0.42401489,£0.42,£0.85
Product,Shortfill,SV6156805,Dessert,Strawberry Shake,A sweet candy like strawberry blended with a smooth vanilla shake,£9.62,50,0.481165555,£0.40,£0.88
Product,Shortfill,SV6105105,Drink,Black Lemonade,Dark fruity notes with a fresh citrus all blended together with an icy cold after note.,£9.72,50,0.486005325,£0.40,£0.88
Product,Shortfill,SV6102605,Fruit,Blackcurrant Lychee,Sweet and tart blackcurrant with tropical and fruity lychee. A very well-balanced flavour,£9.90,50,0.49476024,£0.40,£0.89
Product,Shortfill,SV6103105,Ice,Cherry Tunes,"Sweet black cherry mixed with menthol and a hint of 
eucalyptus",£10.30,50,0.5149307475,£0.40,£0.91
Product,Shortfill,SV9101805,Ice,Kool Blackcurrant Lychee,Sweet and tart blackcurrant with tropical and fruity lychee. A very well-balanced flavour with an icy hit,£10.62,50,0.53085123,£0.40,£0.93
Product,Shortfill,SV6136705,Drink,Passionfruit Cider,An aromatic and tart flavour with a tangy passionfruit and a cider base,£10.78,50,0.538777265,£0.40,£0.93
Product,Shortfill,SV6117510,Candy,Strawberry Cotton Candy,Sugary sweet candyfloss with a subtle candy strawberry undertone,£5.26,100,0.52551564,£0.42,£0.95
Product,Shortfill,SV6156905,Dessert,Banana Shake,A rich vanilla ice cream shake blended with ripe banana.,£11.08,50,0.553928765,£0.40,£0.95
Product,Shortfill,SV6251310,Drink,Cherryade Ice,Super juicy maraschino cherries blended with a light lemonade flavour with a gentle fizz,£5.40,100,0.539657616,£0.42,£0.96
Product,Shortfill,SV6147710,Ice,Strawberry Kiwi Duo Ice,Sweet and juicy strawberries with tropical kiwi throughout and an icy hit,£5.49,100,0.54947334,£0.42,£0.97
Product,Shortfill,SV7129940,Fruit,Tropical Mix,A blend of ripe and juicy tropical fruits with a mild tartness running thoughout,£14.54,40,0.5814081,£0.40,£0.98
Product,Shortfill,SV7229110,Dessert,Gingerbread Man,Brown sugar biscuit with a warm ginger spice running throughout,£5.55,100,0.555468358,£0.42,£0.98
Product,Shortfill,SV6102705,Candy,Pear Drops,"Old Skool sweet shop classic, candy sweet pear.",£11.67,50,0.58357962,£0.40,£0.98
Product,Shortfill,SV6136205,Drink,Mango & Raspberry Cider,"Tropical mango, sweet-tart raspberry blended with our apple cider base",£11.71,50,0.5853979625,£0.40,£0.98
Product,Shortfill,SV6258505,Dessert,Apricot Waffle,Thick Belgian waffle topped with a sweet apricot compote,£11.95,50,0.597356406,£0.40,£0.99
Product,Shortfill,SV6102405,Fruit,Blackcurrant mango,An intense mixture of sweet mango and classic Blackcurrant.,£12.15,50,0.60754863,£0.40,£1.00
Product,Shortfill,SV6257905,Dessert,Blueberry Danish Waffle,Thick Belgian waffle topped with blueberry compote and a hint of cinnamony pastry,£12.72,50,0.6360905784,£0.40,£1.03
Product,Shortfill,SV9101605,Ice,Kool Blackcurrant mango,"An intense mixture of sweet mango and classic Blackcurrant with a cooling, cold hit.",£12.87,50,0.64363962,£0.40,£1.04
Product,Shortfill,SV1100605,Dessert,Creamy Custard,"Decadent and rich vanilla custard, smooth from start to finish",£13.32,50,0.6661824,£0.40,£1.06
Product,Shortfill,SV6258305,Dessert,Toffee Apple Waffle,"Thick Belgian waffle topped with brown sugar toffee and mellow, sweet apple.",£13.66,50,0.683048676,£0.40,£1.08
Product,Shortfill,SV7166110,Dessert,Apple Crumble & Custard,"Warm and buttery apple pie with a hint of cinnamon, topped with a rich and decadent vanilla custard",£14.22,50,0.710845265,£0.40,£1.11
Product,Shortfill,SV6161305,Candy,Gummy Bears,Mixed fruit candy flavour with a gummy edge,£14.38,50,0.718869125,£0.40,£1.12
Product,Shortfill,SV1100505,Candy,Watermelon Bubblegum,Ripe mouthwatering watermelon mixed with an extra juicy mixed fruit bubblegum,£14.57,50,0.72858708,£0.40,£1.12
Product,Shortfill,SV6104205,Fruit,Tropical sparkle,"Sublime tropical juice, encapsulating mango, peach, lime and fresh juicy pineapple.",£14.61,50,0.730326285,£0.40,£1.13
Product,Shortfill,SV1105505,Dessert,Raspberry and Strawberry Jam Doughnut,Fried and glazed doughnut overflowing with sweet strawberry and raspberry jam,£14.62,50,0.7307872,£0.40,£1.13
Product,Shortfill,SV1105405,Dessert,Custard Doughnut,Fried and glazed doughnut overflowing with a creamy vanilla custard,£14.63,50,0.731536,£0.40,£1.13
Product,Shortfill,SV6147110,Fruit,Apple Blackcurrant Duo,Fresh green apple with a sweet and tart blackcurrant.,£7.07,100,0.70732272,£0.42,£1.13
Product,Shortfill,SV6157005,Dessert,Mint Choc Fudge Shake,Thick and stodgy chocolate fudge shake with a refreshing minty top note,£14.75,50,0.737454835,£0.40,£1.13
Product,Shortfill,SV1105305,Dessert,Apple Cinnamon Doughnut,Fried and glazed doughnut overflowing with cinnamony cooked apple sauce,£15.28,50,0.7642128,£0.40,£1.16
Product,Shortfill,SV1100705,Dessert,Strawberry Shortcake,A rich and creamy layer cake mixed with a sweet-tart strawberry compote.,£15.42,50,0.770796,£0.40,£1.17
Product,Shortfill,SV6258405,Dessert,Strawberry Waffle,Thick Belgian waffle topped with a sweet strawberry jam,£15.51,50,0.775303981,£0.40,£1.17
Product,Shortfill,SV6104105,Drink,Raspberry Lemonade,Homemade lemonade finished with a sharp raspberry overtone.,£15.58,50,0.77891385,£0.40,£1.18
Product,Shortfill,SV6147410,Fruit,Apple Pear Duo,"Crisp, fresh green apple combined with honey sweet pear",£7.71,100,0.77059242,£0.42,£1.19
Product,Shortfill,SV6258005,Fruit,Kiwi Passionfruit Guava,Tart kiwi and tangy passionfruit blended with tropical and fruity guava,£16.12,50,0.8062342635,£0.40,£1.20
Product,Shortfill,SV1105205,Dessert,Blueberry Jam Doughnut,Fried and glazed doughnut overflowing with a sweet blueberry jam,£16.59,50,0.8295664,£0.40,£1.23
Product,Shortfill,SV6258205,Dessert,Banana Caramel Nut Waffle,Thick Belgian waffle topped with gooey banana caramel and a sprinkle of roasted hazlenuts,£17.24,50,0.8619075435,£0.40,£1.26
Product,Shortfill,SV6104005,Ice,Blackcurrant Blush,Freshly picked blackcurrants lifted by a cooling mint.,£17.30,50,0.8651042118,£0.40,£1.26
Product,Shortfill,SV7117610,Dessert,Key Lime Pie,"creamy and zingy lime cookies,",£8.57,100,0.85670832,£0.42,£1.28
Product,Shortfill,SV6147610,Ice,Apple Blackcurrant Duo Ice,Fresh green apple with a sweet and tart blackcurrant with an icy hit,£8.91,100,0.89086374,£0.42,£1.32
Product,Shortfill,SV7136005,Dessert,Carrot Cake,Light but well spiced cakey flavour topped with a smooth creamy icing,£18.79,50,0.9397023188,£0.40,£1.34
Product,Shortfill,SV7130040,Drink,Mango Ice Tea,Tropical mango tea with a cool ice base!,£24.57,40,0.98272629,£0.40,£1.38
Product,Shortfill,SV6147910,Dessert,Apple Pear Duo Ice,"Crisp, fresh green apple combined with honey sweet pear with an icy kick",£9.56,100,0.95566289,£0.42,£1.38
Product,Shortfill,SV6156010,Dessert,Chocolate Fudge Brownie,"Dark and velvety chocolate with a stodgy, fudgy base",£9.97,100,0.99654789,£0.42,£1.42
Product,Shortfill,SV6164905,Dessert,Mince Pie Xmas Pudding,"Dried fruits and warming winter spices, with a pleasant cakey/ biscuit background note",£24.98,50,1.24924241,£0.40,£1.65
Product,Shortfill,SV7155910,Dessert,Birthday Cake,Soft and smooth vanilla sponge topped with a sugary and creamy frosting,£12.77,100,1.27692864,£0.42,£1.70
Product,Shortfill,SV6117410,Fruit,Pineapple and Coconut,Ripe and juicy pineapple with a luxurious creamy coconut finish,£13.19,100,1.31877018,£0.42,£1.74
Product,Shortfill,SV6117310,Candy,Rainbow Candy,Pick n mix gummy skittle candy flavour,£14.98,100,1.49759298,£0.42,£1.92
Product,Shortfill,SV7130140,Fruit,Berry Mix,"Sweet, sharp and tangy - A well rounded berry mix!",£42.99,40,1.719565714,£0.40,£2.12
Product,Shortfill,SV6155710,Dessert,Bakewell Tart,"A thick buttery pastry base topped with an almond-rich frangipane and sugary sweet icing. Of course, with a cherry on top",£18.92,100,1.89245251,£0.42,£2.32
Product,Shortfill,SV6147310,Fruit,Mango Passion Duo,Sweet and ripe Alphonso mango mixed with tart and sour passionfruit,£26.30,100,2.63023722,£0.42,£3.05
Product,Shortfill,SV6147810,Ice,Mango Passion Duo Ice,"Sweet and ripe Alphonso mango mixed with tart and sour passionfruit, with any icy kick",£31.49,100,3.14908529,£0.42,£3.57
Product,Nic Salt,P5274120,Ice,Pink Lemonade (Raspberry) - 20mg,Homemade lemonade finished with a sharp raspberry overtone.,£13.54,10,0.135435328,£0.17,£0.30
Product,Nic Salt,P5273820,Ice,Blue Raspberry Lemonade - 20mg,Tangy and sweet blue raspberry blended with a traditional American-style lemonade,£15.61,10,0.15609925,£0.17,£0.32
Product,Nic Salt,P5261710,Ice,Mango Passionfruit - 10mg,Sweet and ripe Alphonso mango mixed with tart and sour passionfruit,£28.59,10,0.28591537,£0.17,£0.45
Product,Nic Salt,P5261720,Ice,Mango Passionfruit - 20mg,Sweet and ripe Alphonso mango mixed with tart and sour passionfruit,£31.19,10,0.31191511,£0.17,£0.48
Product,Nic Salt,P5269320,Ice,Triple Melon - 20mg,"Melon combined with melon & melon, a super juicy and mouthwatering flavour",£22.93,10,0.2293440356,£0.17,£0.40
Product,Nic Salt,P5269310,Ice,Triple Melon - 10mg,"Melon combined with melon & melon, a super juicy and mouthwatering flavour",£20.33,10,0.2033442956,£0.17,£0.37
Product,Nic Salt,P5268320,Ice,Pineapple Passionfruit - 20mg,"Tropical and funky. Tangy and sweet pineapple, with tart and floral passionfruit",£19.95,10,0.19945146,£0.17,£0.37
Product,Nic Salt,P5258110,Ice,Kiwi Passionfruit Guava - 10mg,Tart kiwi and tangy passionfruit blended with tropical and fruity guava,£17.90,10,0.1790045968,£0.17,£0.35
Product,Nic Salt,P5258120,Ice,Kiwi Passionfruit Guava - 20mg,Tart kiwi and tangy passionfruit blended with tropical and fruity guava,£20.50,10,0.2050043368,£0.17,£0.37
Product,Nic Salt,P5268310,Ice,Pineapple Passionfruit - 10mg,"Tropical and funky. Tangy and sweet pineapple, with tart and floral passionfruit",£17.35,10,0.17345172,£0.17,£0.34
Product,Nic Salt,P5266820,Ice,Blueberry Sour Raspberry - 20mg,"Sweet, fresh blueberry, with sweet and sour raspberry",£15.85,10,0.15845531,£0.17,£0.32
Product,Nic Salt,P5267820,Ice,Strawberry Raspberry Cherry - 20mg,Sweet-tart berries combined with a sweet and juicy cocktail cherry,£13.36,10,0.133573828,£0.17,£0.30
Product,Nic Salt,P5266810,Ice,Blueberry Sour Raspberry - 10mg,"Sweet, fresh blueberry, with sweet and sour raspberry",£13.25,10,0.13245557,£0.17,£0.30
Product,Nic Salt,P5268420,Ice,Strawberry Banana - 20mg,Sweet-tart strawberry mixed with ripe and tropical banana,£13.04,10,0.13042419,£0.17,£0.30
Product,Nic Salt,P5268120,Ice,Cherry peach lemonade - 20mg,Tart cocktail cherry and fuzzy ripe peach blended with an old-school lemonade flavour,£11.44,10,0.114367796,£0.17,£0.28
Product,Nic Salt,P5268520,Ice,Watermelon Sour Apple - 20mg,Soft and juicy watermelon blended with tart and tangy sour apple,£11.34,10,0.113435315,£0.17,£0.28
Product,Nic Salt,P5267920,Ice,Apple Blackcurrant - 20mg,Fresh green apple with a sweet and tart blackcurrant,£11.25,10,0.11246924,£0.17,£0.28
Product,Nic Salt,P5267810,Ice,Strawberry Raspberry Cherry - 10mg,Sweet-tart berries combined with a sweet and juicy cocktail cherry,£10.76,10,0.107574088,£0.17,£0.27
Product,Nic Salt,P5266920,Ice,Orange Mango - 20mg,Tart and tangy-sweet orange combined with ripe and tropical mango,£10.67,10,0.1067393625,£0.17,£0.27
Product,Nic Salt,P5268410,Ice,Strawberry Banana - 10mg,Sweet-tart strawberry mixed with ripe and tropical banana,£10.44,10,0.10442445,£0.17,£0.27
Product,Nic Salt,P5267120,Ice,Raspberry Orange - 20mg,"Ripe and tart raspberry, mixed with a rich breakfast-style orange juice leaving a sherbet-like aftertaste",£9.55,10,0.095528035,£0.17,£0.26
Product,Nic Salt,P5261620,Ice,Strawberry Kiwi - 20mg,Sweet and juicy strawberries with tropical kiwi throughout,£9.54,10,0.095408235,£0.17,£0.26
Product,Nic Salt,P5267020,Ice,Orange Pineapple - 20mg,Bright and juicy orange mixed with a sun-ripened pineapple,£9.35,10,0.09352976,£0.17,£0.26
Product,Nic Salt,P5268110,Ice,Cherry peach lemonade - 10mg,Tart cocktail cherry and fuzzy ripe peach blended with an old-school lemonade flavour,£8.84,10,0.088368056,£0.17,£0.25
Product,Nic Salt,P5268510,Ice,Watermelon Sour Apple - 10mg,Soft and juicy watermelon blended with tart and tangy sour apple,£8.74,10,0.087435575,£0.17,£0.25
Product,Nic Salt,P5267910,Ice,Apple Blackcurrant - 10mg,Fresh green apple with a sweet and tart blackcurrant,£8.65,10,0.0864695,£0.17,£0.25
Product,Nic Salt,P5266910,Ice,Orange Mango - 10mg,Tart and tangy-sweet orange combined with ripe and tropical mango,£8.07,10,0.0807396225,£0.17,£0.25
Product,Nic Salt,P5256310,Ice,Strawberry Watermelon Peach - 10mg,"Fresh and ripe strawberries and peaches, blended with an extra juicy watermelon",£7.15,10,0.07145307,£0.17,£0.24
Product,Nic Salt,P5256320,Ice,Strawberry Watermelon Peach - 20mg,"Fresh and ripe strawberries and peaches, blended with an extra juicy watermelon",£12.35,10,0.12345255,£0.17,£0.29
Product,Nic Salt,P5267110,Ice,Raspberry Orange - 10mg,"Ripe and tart raspberry, mixed with a rich breakfast-style orange juice leaving a sherbet-like aftertaste",£6.95,10,0.069528295,£0.17,£0.24
Product,Nic Salt,P5261610,Ice,Strawberry Kiwi - 10mg,Sweet and juicy strawberries with tropical kiwi throughout,£6.94,10,0.069408495,£0.17,£0.24
Product,Nic Salt,P5267010,Ice,Orange Pineapple - 10mg,Bright and juicy orange mixed with a sun-ripened pineapple,£6.75,10,0.06753002,£0.17,£0.23
Product,Nic Salt,P5261510,Ice,Grape Raspberry - 10mg,Super juice black concord grape and tart raspberry with a candy bubblegum-like finish,£5.81,10,0.058061445,£0.17,£0.22
Product,Nic Salt,P5261520,Ice,Grape Raspberry - 20mg,Super juice black concord grape and tart raspberry with a candy bubblegum-like finish,£8.41,10,0.084061185,£0.17,£0.25
Product,Nic Salt,P5274110,Ice,Pink Lemonade (Raspberry) - 10mg,Homemade lemonade finished with a sharp raspberry overtone.,£10.94,10,0.109435588,£0.17,£0.28
Product,Nic Salt,P5273810,Ice,Blue Raspberry Lemonade - 10mg,Tangy and sweet blue raspberry blended with a traditional American-style lemonade,£13.01,10,0.13009951,£0.17,£0.30
Product,Nic Salt,P5269110,Ice,NRG - 10mg,"Red Bull inspired energy drink flavour, sweet, sour and fruity.",£9.31,10,0.09306566,£0.17,£0.26
Product,Nic Salt,P5269120,Ice,NRG - 20mg,"Red Bull inspired energy drink flavour, sweet, sour and fruity.",£11.91,10,0.1190654,£0.17,£0.29